68319010024,1234,นักเรียนคนที่ 1,081-1234567,68319010024@tatc.ac.th
68319010025,1234,นักเรียนคนที่ 2,081-1234568,68319010025@tatc.ac.th
68319010026,1234,นักเรียนคนที่ 3,081-1234569,68319010026@tatc.ac.th
68319010027,1234,นักเรียนคนที่ 4,081-1234570,68319010027@tatc.ac.th
68319010028,1234,นักเรียนคนที่ 5,081-1234571,68319010028@tatc.ac.th
68319010029,1234,นักเรียนคนที่ 6,081-1234572,68319010029@tatc.ac.th
68319010030,1234,นักเรียนคนที่ 7,081-1234573,68319010030@tatc.ac.th
68319010031,1234,นักเรียนคนที่ 8,081-1234574,68319010031@tatc.ac.th
68319010032,1234,นักเรียนคนที่ 9,081-1234575,68319010032@tatc.ac.th
68319010033,1234,นักเรียนคนที่ 10,081-1234576,68319010033@tatc.ac.th
68319010034,1234,นักเรียนคนที่ 11,081-1234577,68319010034@tatc.ac.th
68319010035,1234,นักเรียนคนที่ 12,081-1234578,68319010035@tatc.ac.th
68319010036,1234,นักเรียนคนที่ 13,081-1234579,68319010036@tatc.ac.th
68319010037,1234,นักเรียนคนที่ 14,081-1234580,68319010037@tatc.ac.th
68319010038,1234,นักเรียนคนที่ 15,081-1234581,68319010038@tatc.ac.th
68319010039,1234,นักเรียนคนที่ 16,081-1234582,68319010039@tatc.ac.th
68319010040,1234,นักเรียนคนที่ 17,081-1234583,68319010040@tatc.ac.th
68319010041,1234,นักเรียนคนที่ 18,081-1234584,68319010041@tatc.ac.th
68319010042,1234,นักเรียนคนที่ 19,081-1234585,68319010042@tatc.ac.th
68319010043,1234,นักเรียนคนที่ 20,081-1234586,68319010043@tatc.ac.th
68319010044,1234,นักเรียนคนที่ 21,081-1234587,68319010044@tatc.ac.th
68319010045,1234,นักเรียนคนที่ 22,081-1234588,68319010045@tatc.ac.th